Top queries,Clicks,Impressions,CTR,Position
ceylon hop,422,590,71.53%,2.3
ceylon hop sri lanka,138,187,73.8%,1
ceylonhop,90,108,83.33%,1.01
shared taxi sri lanka,34,167,20.36%,2.63
share taxi sri lanka,8,278,2.88%,3.91
bus life lanka,6,40,15%,11
shared taxi,2,21,9.52%,2.29
sri lanka loop,1,38,2.63%,5.95
taxis ceylon,1,20,5%,14.75
ella to ahangama,1,4,25%,1
shared shuttle,1,2,50%,2
shared taxi?,1,2,50%,2
shared transport,1,2,50%,4
minibus,1,1,100%,1
乗り合い,1,1,100%,3
getting around colombo,0,115,0%,14.89
negombo to sigiriya,0,102,0%,33.89
getting around sri lanka,0,91,0%,16.87
tuk tuk sri lanka,0,58,0%,48.53
tuk tuk,0,55,0%,45.02
sri lanka bus,0,48,0%,28.52
bus,0,40,0%,55.55
sri lanka tuk tuk,0,39,0%,43.72
am yala,0,38,0%,9.18
bus stop sign sri lanka,0,31,0%,8.52
share taxi,0,29,0%,4.52
ceylon taxi,0,29,0%,20.9
loops sri lanka,0,28,0%,9.32
how to get around sri lanka,0,28,0%,21.68
tuk tuk service,0,20,0%,14.95
bus sri lanka,0,16,0%,29.94
sri lanka buses,0,14,0%,17.86
ahangama to mirissa,0,12,0%,30.08
sri lanka taxi share,0,11,0%,3.45
mirissa to ahangama,0,11,0%,23.55
lanka bus,0,11,0%,30.55
tuk tuk bus,0,10,0%,7.2
kandy to ella taxi,0,10,0%,7.7
tuk tuks sri lanka,0,10,0%,19.9
buses in sri lanka,0,9,0%,22
sri lanka map mirissa,0,8,0%,2.5
buses sri lanka,0,8,0%,26.5
taxi share,0,7,0%,5.86
shared taxi ella,0,7,0%,7.86
sri lankan buses,0,7,0%,21.14
tuk tuk road trip sri lanka,0,7,0%,59.57
ceylon taxi sri lanka,0,6,0%,13.83
negombo to sigiriya taxi,0,6,0%,24.83
weligama to mirissa,0,6,0%,32
tuktuk sri lanka,0,6,0%,50.83
sri lanka busse,0,6,0%,58.67
tuktuk,0,6,0%,59.17
srilankan bus,0,5,0%,12.2
how many tuk tuks in sri lanka,0,5,0%,16.8
bus lanka,0,5,0%,18.6
bus travel sri lanka,0,5,0%,21.6
srilanka bus,0,5,0%,25
tuk tuk in sri lanka,0,5,0%,40
weligama to colombo airport,0,5,0%,43
hop hop,0,4,0%,1.5
shared van,0,4,0%,4.75
loop travel,0,4,0%,8.75
tuk tuks in sri lanka,0,4,0%,11.25
getting around in sri lanka,0,4,0%,11.75
bus in sri lanka,0,4,0%,15.25
sri lanka getting around,0,4,0%,16.5
share a taxi,0,4,0%,19
sri lanka busses,0,4,0%,26.5
bus travel in sri lanka,0,4,0%,31
ella to mirissa,0,3,0%,2.67
ceylon hopper,0,3,0%,9
thuk thuk,0,3,0%,9
sri lankan bus,0,3,0%,9.67
sri lanka bus stop sign,0,3,0%,10
weligama to ahangama,0,3,0%,18.67
tuk srilanka,0,3,0%,19.67
sri lanka bus service,0,3,0%,24.33
tuk tuk travel sri lanka guide,0,3,0%,28.33
sl tuk travels,0,3,0%,32.67
colombo public transport,0,3,0%,37.67
sri lankan tuk tuk,0,3,0%,40.33
sri lanka tuk tuk tour,0,3,0%,43.67
bus networks,0,3,0%,48
sri lanka road trip tuk tuk,0,3,0%,51.67
tuktuk in sri lanka,0,3,0%,57
sri lanka best time to visit,0,3,0%,73.67
hop car service,0,2,0%,1
hop transportation,0,2,0%,1
shared transfer,0,2,0%,1
yala to ahangama,0,2,0%,1
ella to mirissa distance,0,2,0%,2.5
car hire sri lanka,0,2,0%,4
hop,0,2,0%,4.5
hop on hop off colombo,0,2,0%,6
srilanka buses,0,2,0%,6
hopper taxi,0,2,0%,6.5
redbus sri lanka,0,2,0%,6.5
sharing car,0,2,0%,8
use the bus,0,2,0%,8
shared taxi arugam bay,0,2,0%,8.5
tuk tuk ceylon,0,2,0%,8.5
share taxi near me,0,2,0%,9
public bus sri lanka,0,2,0%,10
tuk tuk taxi,0,2,0%,10
which bus should i take,0,2,0%,10
colombo hop on hop off bus,0,2,0%,18
taxi negombo sigiriya,0,2,0%,18.5
tuktuk ceylon,0,2,0%,22.5
autobus sri lanka,0,2,0%,23
how to get around in sri lanka,0,2,0%,23.5
tuk sri lanka,0,2,0%,25
is there grab in sri lanka,0,2,0%,26.5
busses sri lanka,0,2,0%,28
bus stop,0,2,0%,31.5
tuk tuk near me,0,2,0%,32
ceylon buddy,0,2,0%,32.5
negombo to sigiriya bus,0,2,0%,35
best places to visit by tuk tuk sri lanka,0,2,0%,35.5
best sri lanka tuk tuk route,0,2,0%,36.5
weligama to airport,0,2,0%,39
cheap tuk tuk sri lanka,0,2,0%,40.5
inter city buses,0,2,0%,40.5
sri lanka sightseeing tuk tuk,0,2,0%,40.5
cityhop,0,2,0%,41.5
tuktuk srilanka,0,2,0%,45.5
ride for ceylon,0,2,0%,46
ceylon exchange,0,2,0%,51.5
sri lanka bus stop regulations,0,2,0%,53.5
sri lanka tuk tuk itinerary,0,2,0%,54.5
good time to travel to sri lanka,0,2,0%,81
best time to visit sri lanka,0,2,0%,93
best month to travel to sri lanka,0,2,0%,96.5
4pm,0,1,0%,1
ahangama to ella,0,1,0%,1
cheap price,0,1,0%,1
ella to weligama,0,1,0%,1
goodhop,0,1,0%,1
how to get from sigiriya to ella,0,1,0%,1
is it safe to hire a car in sri lanka,0,1,0%,1
is it safe to rent a car in sri lanka,0,1,0%,1
island loop,0,1,0%,1
public bus,0,1,0%,1
seeduwa visiting places,0,1,0%,1
shared ride,0,1,0%,1
sharing taxi near me,0,1,0%,1
sri lanka map with tourist destinations,0,1,0%,1
to huk,0,1,0%,1
weligama to ella,0,1,0%,1
what are the average prices,0,1,0%,1
yala to weligama,0,1,0%,1
עליות,0,1,0%,1
இது இல்லை,0,1,0%,1
bus life sri lanka,0,1,0%,2
ctb,0,1,0%,2
hopper taxi service,0,1,0%,2
mirissa to ella,0,1,0%,2
shared transfers,0,1,0%,2
ceylon bus,0,1,0%,3
ceylon routes,0,1,0%,3
hop a ride,0,1,0%,3
retry,0,1,0%,3
sri lanka,0,1,0%,3
27september,0,1,0%,4
colombo to sigirya,0,1,0%,4
ella to mirissa bus,0,1,0%,4
hope taxi,0,1,0%,4
shared minivan,0,1,0%,4
dame las dos opciones,0,1,0%,5
hop car,0,1,0%,5
hops,0,1,0%,5
shared taxi service,0,1,0%,5
yes to both,0,1,0%,5
12go?,0,1,0%,6
how to stop,0,1,0%,6
local bu,0,1,0%,6
shared cab,0,1,0%,6
shared rides,0,1,0%,6
yes,0,1,0%,6
hop-on hop-off,0,1,0%,7
sri lanka public bus,0,1,0%,7
both,0,1,0%,8
busses in sri lanka,0,1,0%,8
intercity bus sri lanka,0,1,0%,8
shared rides near me,0,1,0%,8
tuk tuk transport,0,1,0%,8
thukthuk,0,1,0%,9
tuk thk,0,1,0%,9
tul tum,0,1,0%,9
ceylon pass,0,1,0%,10
ceylona taxi and tours,0,1,0%,10
sri lanka bas,0,1,0%,10
sri lanka whatsapp,0,1,0%,10
taxi sharing,0,1,0%,10
til tuk,0,1,0%,10
traveling in bus,0,1,0%,10
weligama to sigiriya,0,1,0%,10
bussess,0,1,0%,11
hop on,0,1,0%,11
ride share sri lanka,0,1,0%,11
sri lanka private drivers reviews,0,1,0%,11
sri lankan ctb bus,0,1,0%,11
tourist tuk tuk sri lanka,0,1,0%,11
tuk tuk taxi sri lanka,0,1,0%,11
bus in sinhala,0,1,0%,12
bus halt sri lanka,0,1,0%,13
hop on hop off,0,1,0%,13
sri lanka tuk tuk taxi,0,1,0%,13
hop hop tour,0,1,0%,14
sri lanka bus inside,0,1,0%,14
give a clear image,0,1,0%,15
sri lanka how to get around,0,1,0%,15
like this,0,1,0%,16
don't go near sri lankan buses,0,1,0%,17
sri lanka bus route,0,1,0%,17
bus stop sign in sri lanka,0,1,0%,18
easy hop,0,1,0%,18
home taxi,0,1,0%,18
negombo sigiriya,0,1,0%,18
i want a picture of it,0,1,0%,20
ceylon online,0,1,0%,22
rideshare sri lanka,0,1,0%,22
sri lanka tourist bus,0,1,0%,23
taxi negombo to sigiriya,0,1,0%,23
bus stop sri lanka,0,1,0%,24
city bus,0,1,0%,24
sri lanka intercity bus,0,1,0%,24
ceylon ride,0,1,0%,27
public transport sri lanka,0,1,0%,27
sri lanka new bus,0,1,0%,28
yala ride,0,1,0%,30
royal ceylon cabs,0,1,0%,31
sigiriya rock to kandy,0,1,0%,31
bus sl,0,1,0%,32
weligama to ella distance,0,1,0%,32
carpooling sri lanka,0,1,0%,33
less taxi,0,1,0%,33
public transport in colombo,0,1,0%,33
carpool sri lanka,0,1,0%,34
busse sri lanka,0,1,0%,35
ceylon escapes,0,1,0%,35
ceylon express,0,1,0%,35
katunayake to sigiriya taxi,0,1,0%,35
tuk tuk ride,0,1,0%,36
bus from negombo to sigiriya,0,1,0%,39
mirissa to negombo,0,1,0%,40
sigiriya to kandy,0,1,0%,41
ceylon exchange login,0,1,0%,43
intercity bus service,0,1,0%,46
ceylon hut,0,1,0%,47
ceylon rent,0,1,0%,49
sri lanka public transport,0,1,0%,49
sigiriya to kandy taxi,0,1,0%,53
how to drive a tuk tuk in sri lanka,0,1,0%,55
wilson transport anuradhapura,0,1,0%,55
7 day sri lanka tuk tuk itinerary,0,1,0%,56
ceylon riding club,0,1,0%,57
sri lanka tuk tuk road trip,0,1,0%,62
tuk tuk road trip sri lanka self drive,0,1,0%,64
car pooling,0,1,0%,68
citybus sri lanka,0,1,0%,70
driving tuk tuk in sri lanka,0,1,0%,71
when to visit sri lanka,0,1,0%,72
hol van sri lanka,0,1,0%,74
hopops,0,1,0%,74
7.50 usd to lkr,0,1,0%,76
when to travel to sri lanka,0,1,0%,76
when is the best time to go to sri lanka,0,1,0%,81
when best to travel to sri lanka,0,1,0%,84
good time to visit sri lanka,0,1,0%,88
best time sri lanka visit,0,1,0%,90
24/7 taxi sri lanka,0,1,0%,94
best time of year to go to sri lanka,0,1,0%,95
best month to go sri lanka,0,1,0%,98
best month to go to sri lanka,0,1,0%,100